id,name
1,Catherine Adams
2,Craig Brewer
3,Shannon Richards
4,Troy Maynard
5,John Lyons
6,Charles Miller
7,Roger Blake
8,Joseph Herman
9,Ashley Robertson
10,Dorothy Hernandez
11,Tommy Burgess
12,Jessica Lewis
13,Ana Guerra
14,Andrew Oconnor
15,Dana Stone
16,Melissa Webb
17,Brittany Stanley
18,Heather Snow
19,Laura Hill
20,David Murphy
21,Ellen Bonilla
22,Nathan Wallace
23,Jeremiah Lutz
24,Tiffany Fitzgerald
25,Darryl Thompson
26,Carolyn Owens
27,Ryan Rivas
28,Scott Lin
29,Steven Wagner
30,Colin Wagner
31,Adam Baker
32,Deborah Smith
33,Jessica French
34,George Johnson
35,Mitchell Castillo
36,Robert Cook
37,Teresa Welch
38,Christina Mcknight
39,Amanda Robinson
40,Michael Perkins
41,Ashley Austin
42,Natalie Townsend
43,Regina Greene
44,Victoria Anderson
45,Jonathan Hooper
46,Robin Cordova
47,Shirley Miller
48,Andrea Diaz
49,Paula Arnold
50,Philip Merritt
51,Julia Boyd
52,Joseph Eaton
53,Thomas Ewing
54,Chelsea Rodriguez
55,Colleen Ellis
56,Kelly Brown
57,Susan Taylor
58,Julie Sparks
59,Maria Ortega
60,Joseph Roy
61,Kenneth Wright
62,Nathaniel Anderson
63,Jason Bell
64,Nicole Phillips
65,Morgan Jackson
66,Mr. James Wheeler DVM
67,Kevin Rodriguez
68,Adam Lewis
69,Wanda Green
70,Austin Ray
71,Crystal Logan
72,Susan Taylor
73,Jeffrey Payne
74,Daniel Bradford
75,Kristy Ramirez
76,Edward Dennis
77,Crystal Marks
78,David Hobbs
79,Maria Reeves
80,Patricia Tanner
81,Michelle Giles
82,Karen Figueroa
83,Brendan Williams
84,Christopher Webb
85,Christine Leach
86,Matthew Greene
87,Jason Stuart
88,Hector Foster
89,Colleen Stewart
90,Barbara Beltran
91,Brittney Huff
92,Bradley Holden
93,Paul Hammond
94,Gregory Hampton
95,Alexis Warren
96,Ryan Long
97,Denise Lee
98,Timothy Myers
99,Alison Jackson
100,Jennifer Smith
